INSERT INTO CREATOR(ID, LAST_NAME, FIRST_NAME)
VALUES (1, 'Lamotte', 'Edouard');
INSERT INTO CREATOR(ID, LAST_NAME, FIRST_NAME)
VALUES (2, 'Cucchietti', 'Thomas');
INSERT INTO CREATOR(ID, LAST_NAME, FIRST_NAME)
VALUES (3, 'Pilato', 'David');
INSERT INTO CREATOR(ID, LAST_NAME, FIRST_NAME)
VALUES (4, 'Lamottee', 'Edouardd');

INSERT INTO BREWERY(NAME, TYPE, COUNTRY)
VALUES ('Kronenbourg', 'INDUSTRIAL', 'France');
INSERT INTO BREWERY(NAME, TYPE, COUNTRY)
VALUES ('La Bière de la Rade', 'CRAFT', 'France');
INSERT INTO BREWERY(NAME, TYPE, COUNTRY)
VALUES ('Brasserie Castelain', 'INDUSTRIAL', 'France');
INSERT INTO BREWERY(NAME, TYPE, COUNTRY)
VALUES ('Carlsberg', 'INDUSTRIAL', 'Danemark');
INSERT INTO BREWERY(NAME, TYPE, COUNTRY)
VALUES ('Sainte-Cru', 'CRAFT', 'France');

INSERT INTO BEER(NAME, BREWERY_ID, ALCOHOL_LEVEL, CREATOR_ID)
VALUES ('1664', 1, 5.5, 1);
INSERT INTO BEER(NAME, BREWERY_ID, ALCOHOL_LEVEL, CREATOR_ID)
VALUES ('Censurée', 2, 5.8, 2);
INSERT INTO BEER(NAME, BREWERY_ID, ALCOHOL_LEVEL, CREATOR_ID)
VALUES ('Ch''ti Blonde', 3, 6.4, 3);
INSERT INTO BEER(NAME, BREWERY_ID, ALCOHOL_LEVEL, CREATOR_ID)
VALUES ('Skoll', 1, 6.0, 1);
INSERT INTO BEER(NAME, BREWERY_ID, ALCOHOL_LEVEL, CREATOR_ID)
VALUES ('Tigre Bock', 1, 5.5, 1);
INSERT INTO BEER(NAME, BREWERY_ID, ALCOHOL_LEVEL, CREATOR_ID)
VALUES ('Carlsberg', 4, 5.7, 1);
INSERT INTO BEER(NAME, BREWERY_ID, ALCOHOL_LEVEL, CREATOR_ID)
VALUES ('Elephant 1959', 5, 7.2, 2);
INSERT INTO BEER(NAME, BREWERY_ID, ALCOHOL_LEVEL, CREATOR_ID)
VALUES ('Red is Dead', 5, 7.2, 2);
INSERT INTO BEER(NAME, BREWERY_ID, ALCOHOL_LEVEL, CREATOR_ID)
VALUES ('Apocalypse Now', 5, 8.0, 3);
INSERT INTO BEER(NAME, BREWERY_ID, ALCOHOL_LEVEL, CREATOR_ID)
VALUES ('Delicatessen', 5, 6.6, 3);
INSERT INTO BEER(NAME, BREWERY_ID, ALCOHOL_LEVEL, CREATOR_ID)
VALUES ('Delicatessen Bis', 5, 6.6, 4);
